{
  "ext/fragment/ComplianceObj.fragment.xml": 1720005008962,
  "ext/fragment/AddKeyAttachments.js": 1720413945538,
  "ext/fragment/Insurance.js": 1720073594136,
  "ext/fragment/ComplianceObj.js": 1720085480203,
  "ext/fragment/Compliance.js": 1720073452322,
  "ext/fragment/Liability.js": 1720073470162,
  "ext/controller/Object_Controller.controller.js": 1720005513772,
  "manifest.json": 1720414133066,
  "Component.js": 1720002712581,
  "ext/fragment/Liability-dbg.js": 1720073470162,
  "ext/fragment/Liability.js.map": 1720414133272,
  "ext/fragment/Insurance-dbg.js": 1720073594136,
  "ext/fragment/Insurance.js.map": 1720414133275,
  "ext/fragment/ComplianceObj-dbg.js": 1720085480203,
  "ext/fragment/ComplianceObj.js.map": 1720414133277,
  "ext/fragment/Compliance-dbg.js": 1720073452322,
  "ext/fragment/Compliance.js.map": 1720414133272,
  "ext/fragment/AddKeyAttachments-dbg.js": 1720413945538,
  "ext/fragment/AddKeyAttachments.js.map": 1720414133304,
  "ext/controller/Object_Controller-dbg.controller.js": 1720005513772,
  "ext/controller/Object_Controller.controller.js.map": 1720414133283,
  "Component-dbg.js": 1720002712581,
  "Component.js.map": 1720414133278,
  "Component-preload.js": 1720414133549,
  "Component-preload.js.map": 1720414133549,
  "ext/fragment/Liability.fragment.xml": 1720004532435,
  "ext/fragment/Insurance.fragment.xml": 1720004752679,
  "i18n/i18n.properties": 1720063718269,
  "ext/fragment/Compliance.fragment.xml": 1720003259659,
  "ext/fragment/AddKeyAttachments.fragment.xml": 1720159558557,
  "index.html": 1720002712585
}