<core:FragmentDefinition xmlns:core="sap.ui.core" xmlns="sap.m" xmlns:macros="sap.fe.macros" xmlns:upload="sap.m.upload">
	<VBox core:require="{ handler: 'reportentity/ext/fragment/AddKeyAttachments'}">
		<upload:UploadSet id="uploadSet" core:require="{ handler: 'reportentity/ext/fragment/AddKeyAttachments'}" instantUpload="false" uploadEnabled="true" showIcons="true" mode="None" afterItemAdded="handler.onAfterItemAdded" uploadCompleted="handler.onUploadCompleted" items="{
								path: '/Files',
								parameters: {
									$orderby: 'createdAt desc'
								},
								templateShareable: false}">
			<upload:toolbar>
			</upload:toolbar>
			<upload:items>
				<upload:UploadSetItem id="ddd" fileName="{fileName}" mediaType="{mediaType}" url="{url}" thumbnailUrl="{
								path: 'mediaType',
								formatter: 'handler.formatThumbnailUrl'
							}" enabledEdit="false" visibleEdit="false" openPressed="handler.onOpenPressed" removePressed="handler.onRemovePressed" >
					<upload:attributes>
						<ObjectAttribute id="dd" title="Uploaded By" text="{createdBy}" active="false" />
						<ObjectAttribute id="dd22" title="Uploaded on" text="{createdAt}" active="false" />
						<ObjectAttribute id="dddw2" title="File Type" text="{mediaType}" active="false" />
						<ObjectAttribute id="dd22a" title="Folder" text="{Folder}" active="false" />
					</upload:attributes>
				</upload:UploadSetItem>
			</upload:items>
		</upload:UploadSet>
	</VBox>
</core:FragmentDefinition>